-1897.6878325279586,-416.4152334165135
-1858.7429396816121,-565.5640771193706
-1528.5441731614824,-467.89542105899335
-1874.1753477359202,-398.07548147767966
-2293.3999178330096,-281.2124184329693
-1816.9281160470039,35.26576089786755
-1956.7164137625487,-531.7369531585884
-821.5496285884246,-455.25955910993076
-1969.2562220098466,-222.2237111585476
-1709.3466533658236,-613.625875509394
-2009.2768916068594,-423.06094371680774
-1669.0205006395151,-234.67721182055038
-2080.916769222715,-287.97637788890495
-1022.2520530451001,-308.5613439272633
-1922.8197434071988,-32.727192414371586
-1547.028461817773,-211.127081376163
-2262.333220233259,-619.0532833978905
-2027.9356919913766,-686.1895597914707
-1408.9400196195888,-165.949198134736
-1872.4891914163838,-379.59606002736984
-2013.9408211266555,-87.55661677985037
-1642.459824656634,-457.4832806580884
-1774.8965307881904,-571.4121242093593
-936.9315131526961,-40.07929633144349
-1252.2117892934118,84.42542020739155
-1521.4822349156177,-154.90842680307003
-874.2720694401035,79.42151640983838
-1589.8535021844011,-203.61451045210788
-815.9312083666244,-368.5286914910416
-1421.515934554886,-346.81922655524596
-550.4702700588291,100.37753787805687
-2188.7994829044737,-349.6770045913997
-2644.680480655757,-418.3424391667196
-1824.2915085721447,-106.90947410698055
-2570.7252832305167,-520.8673238773263
-1878.5274435235626,-120.36238997425602
-1724.3698445352024,-121.77691338827512
-1873.7182979269255,-398.02239059663736
-2543.241325732585,-545.2289990558869
-2725.0655860126244,-357.27905031454515
-2223.5934748144273,-445.3057572247974
-1948.9786136445475,-301.27419693431375
-1790.6803480215228,-324.71830297164473
-1802.173028463755,88.02935319714106
-1833.587665940209,-415.36096464826716
-2190.166614456336,-315.5406792108164
-2132.183413032055,-272.7588563349984
-1587.0332407867704,-345.416570216942
-1878.8773525338738,-340.35443991250645
-1233.3597442604305,135.78965442451113
-2179.100953655447,-175.59666151114564
-1627.8374867885939,-432.27246407093435
-1970.44126916995,-244.3744116317502
-1174.1045145513253,41.404908580364264
-1947.2176512613953,-414.9324815307897
-2061.1785429993283,-144.5740363746715
-1313.9010691730155,209.82662535587804
-1507.447696260453,283.5351008204316
-1746.063163048565,-534.6671335100343
-1634.8950847188842,73.04669227191778
-1678.8859628021178,-384.04554038819447
-2143.212601917366,-399.77655807053486
-2075.7035963713297,-45.85729128293545
-1399.3817666113148,-143.0680380967887
-1438.6086580150632,103.9148237228454
-1282.1908937734695,-198.33421450159614
-1439.03662710081,81.03263100409204
-2312.0998539357774,-601.5665762548127
-2347.694351255201,-486.30301995133027
-1896.7926040568843,80.86184382312084
-2019.258418905194,-249.4514144027118
-1482.4011187259032,-677.2990496322395
-2088.0327742584436,-616.7269870266655
-2409.1372909259203,-616.5517868179988
-2061.145777128139,-479.5969520917669
-1343.886949798243,68.78145031549641
-2319.736782796781,-607.996075478274
-2189.220446171687,-510.31297002785436
-1779.40202637586,-743.8280331006009
-1462.0316136400138,-115.66234625987767
-2136.1203909033825,-307.6560719380341
-2067.0962315186703,-589.0721087601237
-2262.259565122407,-167.11046334047774
-2160.515608172946,-467.40723068724515
-1738.1427578300766,-510.16621101944554
-1527.8425195826353,278.77942641459714
-1386.6161858729076,-140.40054097404604
-1340.713641431122,-204.22119851199872
-2180.357482081202,-479.14502648576183
-878.5112990296074,-245.33661880935057
-2137.981115800002,-57.16885462986812
-1465.7022478925082,117.00918610097047
-1358.324164866193,-274.66136621151185
-1475.0407698904646,-314.11883652569816
-1592.889058126301,-309.81218890485707
-975.5397536241933,-26.027016207289932
-1539.1127089446938,-251.025925120858
-1457.8504464242162,-36.45987449960346
-1205.3702371260247,-362.1158834984449
-1689.5613061809404,-82.29444859301029
145.63915789572303,-916.7465573454992
-76.67807159403833,-248.71931668814602
47.60056841541396,-162.12026758735584
56.35163303772564,-272.3345729577349
171.0772348332701,-849.8318329235279
-530.506226445178,-392.9303112199258
145.7604753728741,-431.81301177593963
84.55638717818297,-1036.2021816240986
194.44993889273513,-661.0114716957397
-551.0791019736378,-449.7220646787149
97.41983682187731,-306.62202972426826
159.15689336763285,-975.5149793432929
178.08889525383597,-736.7596984631756
209.03839298473855,-592.3995341201877
35.21187301435627,-318.84295972152785
-73.19662866209559,-96.42887047155104
92.54557591618533,-1029.1978276007806
151.20975214946543,-354.4530121734331
58.792279752250494,-1195.9807609386512
108.35607927220732,-398.87319651775044
57.92714820837563,-584.0315198721476
-397.53007620513887,84.51682192929917
34.06278474544075,-616.0310011996482
154.30367367882852,-452.10023071342664
160.47699257321688,-836.8608598683651
19.418917240651467,-258.57489040811004
-128.82754565340832,-198.66771831042223
123.26969505605416,-839.7320938333077
74.29093382010848,-1093.6464324199621
142.53509363148228,-621.4718614147037
111.92742219303312,-748.277970026766
-704.4879718721609,-275.4369018397873
124.58008779973214,-756.7758495296595
-156.0918982949313,-267.4708343262881
192.14476500880266,-678.8145113232993
106.14308164969512,-856.3808821282371
46.73162662090341,-374.1677623652212
164.18506232302096,-410.68647723436976
175.5305319167071,-721.6824340528126
114.19021981779345,-891.6589442899233
130.94827775192314,-383.82344808794113
183.02666768040885,-935.6032548031669
173.49796641895875,-877.9856621168356
134.22960379591194,-889.8898893536918
133.86952761853894,-1049.65062621643
193.43093341765183,-877.4815255835645
-42.02041406769301,-170.67290514070055
48.52335569679208,-385.2329007903565
-48.1490511752974,-407.34371887169624
-168.56350831865154,-232.550091264638
143.68226225242034,-999.2529278328506
-21.148198054223855,-300.8311870989856
-128.86645051165246,-212.89619879877645
151.122208754475,-437.58602217063583
282.5090095561701,-588.456420623286
116.67421990086814,-941.7223219814565
107.18113734517325,-1008.8028825973742
-25.535264827169016,-547.3042232141338
137.60005885247534,-258.7727918181067
218.53862696943028,-865.9514868001322
163.22831797465562,-526.4547381201517
-273.51168031939676,-195.72285865435688
147.68580361912936,-852.917314688699
23.399729561163213,-262.4093117256783
-42.242463694854806,-666.7133376510651
145.75692153388752,-929.5807677517373
152.79643774993468,-880.2172765933157
142.19367824651883,-891.0670089266673
97.98485319001605,-756.8423682453249
-31.768449632560603,-550.7290845553451
-105.33769950573044,-833.7068004752364
123.74175980874307,-752.3587669846557
-330.56319205248155,-721.8222893630684
78.37757268766426,-975.3040687380881
64.35462008293854,-485.1941824155488
80.88289866769293,-491.4273232176889
200.42980934658195,-834.987950961203
42.49218972971357,-869.9028734614067
164.03035360025686,-850.4866174737629
153.27805494707158,-335.00049713063663
167.1506853741879,-938.3214931698748
-5.8461688773955744,-199.54357797871523
0.33489633675608843,-848.679142555314
9.700209911964123,-240.07158534989563
195.15799711076565,-567.3194252471405
200.76529773968429,-985.1867964860497
4.707732774436437,-597.9639511190517
97.84334984455819,-342.89884511304564
154.45124346727542,-1005.5850213168404
108.77719135566224,-1031.5445299711746
-12.580852711776714,-412.04924562750733
136.8883626788665,-1034.9672552268662
-23.49397574492386,-74.25082707539008
135.369048554824,-918.8576272812543
27.117985437206045,-1211.0318259600028
65.16082702662669,-1151.5205934765947
49.825578677327414,-299.027774682292
73.20719016528062,-1125.0664856711903
75.4556759159481,-1077.904210018076
23.542573919467912,-1040.686222605972
-918.4797903999304,-19.59294816112805
-829.730497357384,-137.72644758210924
-1383.5404698277682,-1246.7830120340902
-1010.6996184243086,145.88310432474753
-274.233597672262,-938.595402942859
-1699.426773255473,-506.04488057228446
-574.4941248843564,192.6487914352021
-1242.718605983758,-798.6676466838479
-1187.987063066143,195.94065481037552
-291.70709764500157,-635.7131234778983
-277.18945465896974,-84.42827718374119
-773.4910334425674,-246.8766922240271
-1342.3521556094363,-1247.6809913365535
-965.5355190836885,-433.1972624033441
-1328.555220313623,-171.8210043659138
-58.44507454862827,-384.99388591007875
-1421.0380018445467,-1191.156220996834
-753.6987463760579,-220.34579163967874
-787.3078109128784,-649.506060686946
-640.6929398545054,170.40382725285502
-1026.6743142722387,-458.8949889998216
-1122.8053613626234,-811.2215105868065
-921.1453614052961,-445.99478784465043
-258.85457820594354,-805.649734718764
-1539.6530817491675,-333.8665169099435
-841.9562271820038,-308.86513079979136
-132.6876714517536,263.536013018027
-1400.4971246630164,-363.4174300852083
-1238.7258458644847,-395.12284616492104
-1289.7761590417542,-254.08294857351825
-331.5087636824096,-561.192642015636
-1436.2288365089937,-355.8224582749075
-1267.0544061283422,-377.3714857719284
-1490.6263840619915,-286.63183852631437
-237.1000789839373,-956.5093163913809
-1111.6642483347807,-438.8344118045139
-1465.410659407149,-314.21527505012625
-715.5311782490791,-430.25056810736055
-1227.6040764874656,-436.6663984687575
-1395.474513745571,-599.2798071367613
-678.5167654047816,-875.4400483020928
-1085.0482533110696,-429.9219126449419
-639.0775436766821,-44.840640117616886
-476.8756061077802,-1116.4586963151582
-779.612384465251,-116.50066326485106
-58.97597498794663,-57.49183001943302
-729.4012424138695,-407.0854813350486
-1012.8690090072985,-512.913123257637
-190.61098690801072,-518.3627376247832
-370.39185398147947,259.8640570746778
-1225.82899274824,-430.34467693370334
-891.5400054811915,-302.51319770580733
-1448.077069829972,-369.1538817820545
-544.6686540727896,-101.11161498730091
-1707.7347956073445,-435.90157271712224
-1324.6168367065998,-629.945949316298
-1101.3134251182514,-554.0368696304914
-160.14786664813406,-50.476543873504205
-989.1256335773062,-703.5582128084772
-685.3705156929111,-311.9424788766298
-1266.0236166628883,163.47879542678413
-568.8888361941899,82.80682438877635
65.53342837651329,-597.2383750433524
-1664.191498880965,-230.65629669133543
-867.9603682682522,-347.82805145305156
-1211.0720377017067,-627.9994093696903
-183.84011709990983,-979.00109472956
20.60853635023446,-218.40326577621522
-900.5652694297855,-413.3367405495932
-377.1012177880776,349.76086834697077
-979.0391605241756,-425.6844409365267
-153.42689204139094,-535.2363500590195
-976.3715190263947,-330.0898580588457
-169.81564871023573,-419.6359669098441
-724.6134564217389,-392.17505521011947
-358.63110719117867,-880.0641645030216
-1382.2757551557747,-672.0536791883269
-383.13330784429604,-697.9727321026511
-1264.638005271951,-463.35476764099167
-632.3316373950283,-1335.3036484453112
-1609.2572103124137,-433.0791818822008
-561.422848887802,-299.7103733515796
-433.91922806609307,-519.6559026259245
-683.7340056097136,-89.95846907239437
-919.4861655217746,-1132.4316487190554
-672.6371319026628,-1157.3305857735036
-1591.1174221559481,-314.22737159622
-744.7391275102049,676.7558883194833
-454.61434585078234,-396.659705750225
-297.16847878845715,-88.7276867600323
-904.755596030626,-331.7216230463911
-1615.1563600836603,-187.6807718906449
-1559.547588251636,-203.17827177318168
-1693.9707926977735,-497.2277373602234
-1263.1468162754031,-212.51771201628065
-1083.1116914889042,-124.03709178142049
-395.6859863703584,-1084.3212012481713
-1015.5392357132816,-827.5195655896588
-1304.7840405205795,-411.87018251652773
-1809.7450759830465,-697.8202940469521
-1298.0783901951538,-753.3927691082055
-692.441909521641,-885.9823518847193
-891.8876233054665,-839.8735059597816
-1489.0639633840105,-995.4000258051504
-355.47079395693913,-105.20721114516124
-183.82177316295565,-138.99802129298868
-1070.7946825184974,-1101.9347826711366
-719.7646354178539,-760.4063240934813
-693.3260619459159,-442.0254831699289
-422.9622396870657,-18.59522033467195
-552.1503999192529,-519.135310702295
-1071.938512910831,-1006.6957021464223
-1343.4500372710188,-128.54268430900046
-388.0858821965114,-574.17826752803
-842.7095015143545,-1043.6157002951127
-332.0400801787991,-464.8012890784211
-936.3526318971075,-780.2587621579161
-1128.7362691835483,-914.7855268697249
-1427.1896842584247,-647.0737088353371
-989.1116204297351,27.392509855121922
-435.4682660662622,-631.1409857155066
-922.8807331838168,-355.10861225932825
-971.3548458937147,-66.07355975349566
-1083.419057381344,-1216.25218985423
-469.4896841968277,169.73801836766884
-1069.9335814302376,-1076.431379994749
-1398.0972344674167,-1179.970157552009
-482.0781638235801,120.55271679226355
-830.497054594343,-601.2978660935725
-958.4415008903738,-1117.3202605590075
-858.4165414961924,-677.4529610902954
-1121.0965202253542,-927.9285053814324
-649.5015214566292,-1071.8858708203675
-882.5814871790502,-670.7894317720693
-930.9228266120881,-937.6873010676512
-691.9329492648839,-1008.4341038044487
-1068.5367383864934,-648.225402606417
-1209.5237090362666,-1081.8449249513415
-261.32477871732783,-392.10906674099425
-900.229889939923,-866.9422116540354
-453.8431148377862,-622.5151862394101
-1082.5179162466015,-933.8603025003822
-1132.1723353787545,-536.5544519679102
-775.6506757771153,-1023.1002277995373
-1196.7226545108542,-592.9645905616346
-434.5623389161371,142.98392918416957
-961.0073941876842,-539.6990505066927
-791.1987473721257,-318.5461830060134
-1021.170917118522,-1026.5983839962578
-1367.2049430126585,-678.2703910911132
-88.62647257111774,305.58011063439034
-538.6513250126158,-220.3637551146935
-290.5437058576962,-226.91425529719334
-765.721963509445,-828.5587779677335
-980.0027383748468,-732.5036734341539
-1057.866823732431,-809.7379897392264
-922.9958186038167,-710.3946224198198
-141.13433929094802,-505.0662846718012
-729.8955474870089,-656.2753440152733
-628.2372373157566,-232.34652142541918
-859.3368585026882,-236.4073392621207
-1154.3971575387684,-633.5453741228484
-967.3390560745534,-273.726737765938
-681.1057936706974,-316.47756634646856
-1355.985594908757,-603.6646981871288
-1131.84157345783,-1058.3657451647205
-905.6027078451738,-994.4626387014191
-1022.8961078112758,-986.1325664771396
-842.6766733465549,-996.2166044043527
-922.028312497874,-1030.8192309942638
-506.6168607898608,8.081148301238358
-974.1172836204543,-1011.5545552592118
-1005.2104180089119,-894.9469703973367
-294.4804310770146,-67.14841916787802
-783.1779080440203,-938.9733555649502
-704.0663217333299,-901.0389560326407
-467.4360380416889,-796.3466313590984
-296.33214514948605,-447.6857065927819
-1148.1696813033698,-872.4437389730676
-1014.360057504808,-931.5200272910572
-1109.5416301379855,-1025.3010417854744
-1266.517243830613,-1407.555479461547
-771.0087253258074,-671.5346615983285
-198.2069025544006,-282.8136005731772
-1058.6506656270456,-731.2719899556388
-1614.5695261291062,-845.9093802258283
-1731.3104179197765,-1136.017959782801
-710.5681160432569,-262.83669076578326
-588.8252133711452,67.00867851412055
-1248.921238840012,-1131.2110526355318
-698.1928309610092,-306.944803508139
-1111.7760239674842,-783.1105792803052
-979.4977604491864,-735.1806702673919
-534.5607657342198,-55.90728248054318
-814.3910166938529,-761.0582018620993
-465.4610972748709,-297.65969271320495
-957.9824430453407,-585.8303126717549
-495.75742670410034,-492.7872714783486
-931.5101592343167,-721.7148484977511
-1808.9950237922683,-1059.3191815892624
-679.2390749580281,283.3324465206259
-554.6015771956249,289.6583019811278
-903.9856364772465,259.6508328041793
-67.02494964808758,202.20702073667184
-22.115759695671244,-274.74722233776004
-814.8936078344356,296.6328495272938
-988.3638044196236,398.3532584307757
-110.84221748904083,-296.56090977968734
-1320.9001560154027,522.7181458020984
-848.7518478257136,742.6239229416458
-473.9525239615007,388.4202191614489
-627.1199460397905,602.0193299363939
-586.1642781024536,192.57360069604331
-692.0288977450896,384.06813377630345
-590.1213916091318,321.95458486863123
-371.526250154373,542.7342929273171
-501.77936670434684,50.88125923089585
-308.55342561656664,0.053704444293736664
-1113.2328246329764,455.11260825534384
-371.74513256580815,310.12587322484217
-881.0407059231492,650.1321394238478
-714.0197399216647,463.9503774177645
-1153.7561472193433,391.5824490763587
-646.5667395665175,597.865281133386
-698.2537650747349,560.7447170074272
-363.70821792294703,259.3079365277793
-821.4184407271067,616.6105676839322
-888.064641451916,574.3054566806138
-488.23322952616,437.5035163653666
-388.5510255292563,128.4273984683254
-1039.2469830768637,550.8518938425182
-787.234356159792,596.9091833024582
-913.1636375461856,502.94017402843025
-771.1873257713676,693.3781307503648
-287.73152716356725,300.9126876936343
-603.5235963541434,670.4625111282273
-272.9845269741627,52.29848235266072
-156.68289399240726,328.02678952613286
-165.75080036469728,59.51173421128384
-565.2955248833293,625.7222985823277
-226.28107337356718,357.5804916547471
-393.14447657220506,458.04543251488616
-235.48259181784738,121.29094257325418
-1014.5750873118363,671.2205102545313
-813.3703538103863,640.3725290482638
4.683576082706265,109.74278128491108
-528.7240042610988,514.4203537573808
-686.7428738301254,-94.22786006273539
-817.4983454350448,575.7339615323913
-350.65776724511375,525.7037685809354
-831.6701027606595,739.0451578106477
-809.3771808125147,571.3803944217248
-566.549873721656,460.55047312593877
-557.9656320671883,634.3569464971416
-734.0787952860652,730.3238002343485
-667.2134327825178,287.50602992385893
-204.57169542482356,184.66908958659565
-519.2454147631445,751.2225460860474
-304.3124405847739,242.7285006201547
-428.4874399604502,-26.267398728203425
-552.456598826306,332.1302789738774
-1171.0678639171654,818.8288724587591
-353.75445849199286,192.85410839072966
-763.7886961487493,592.7103831276439
-198.29824336764702,-276.33579919780243
-693.8592774451391,466.6083506757286
-1197.0114412717398,716.0940901730862
-811.7609611449885,411.34589001589006
-343.53094929440135,138.4290670228223
-826.5903773938255,437.2754602228031
-1044.0990823700765,620.1439924833247
-645.5120168521767,448.1154760822624
-380.0158464422174,183.33855543447854
-1432.7411437965113,886.2827170980994
-515.241637918363,341.0981790385599
-1330.8819822115063,741.5249425641265
-1183.2336453858914,623.3309811781096
-93.51809695992652,-6.918504980115376
-953.1956600308573,414.52651115494956
-33.391132924673634,142.03897269305415
-732.6706396855305,614.1578420897254
-777.7247907022943,599.4376828303249
-678.3194465495894,104.52563676111461
-564.8574231965522,395.95800163611864
-888.585810150612,241.39883349953234
-1080.4327893124937,995.2131915881954
-760.548452099726,303.78951756249785
-702.2780620465562,420.2309733098406
-1102.4408093047957,1006.8828568792769
-975.9960584985711,884.9969764644231
-1072.0068469888831,652.9827569134777
-1156.1909436252124,533.4873646037161
-382.641822773567,200.7964652243782
-1016.9378435346047,645.6833527056062
-983.382822032103,686.9752234762487
-521.0381283367891,187.8700997390226
-958.2500531487711,585.6369119611692
-1168.9440528090233,480.39731331297986
-633.3733031545437,535.8026646301805
-411.5912962119658,401.9668450922328
-958.5546521144121,-533.6651174747874
-89.92981155523819,-343.02107775729996
-201.01146809272828,-396.8617015453521
-603.5635042092922,-415.29889532361665
-161.0903747816629,-531.8355496695102
-467.60828706408955,5.023316340663241
-344.6261486173063,-389.8329845263083
-1348.8466508878107,-692.1655664017412
-384.1663002535841,-118.59018089411313
-47.15466808239181,-399.0594702176603
-489.93703584731907,-428.6505782430746
-1198.6049360534305,-519.3629622120089
-392.9366463798157,-196.28712709877044
-1138.6108975317936,-505.6807461921857
-778.9435268522127,-507.76372594477317
-835.1081655654823,-490.5503469039614
-1554.06601938972,-178.06144974268116
-713.7566964648679,-162.16318121997153
-1009.8208009739421,-777.8845094439786
-768.493396776022,-464.433396862909
-1180.0751589230176,-569.1377611975627
-1034.378248505309,-490.12516994534013
-321.14157885677264,-291.80731922131065
-1163.9991675668382,-269.1056718362511
-578.4130602729529,-89.38366300436883
-1475.762050422214,-131.07715508326046
-889.8087891177863,-338.869945111264
-659.3978348004706,-35.22100512403384
-684.4695858583104,-300.6649013803542
-785.2470291559889,-366.2680620141322
-857.5430122962011,-332.7543990992175
-864.481049184075,-386.1487968746376
-164.86093048407108,-225.08210561830634
-596.3029939818534,-69.88329965412267
-447.03275819678163,-172.96117711994077
-214.68154301839058,-121.31150927437001
-1007.415263400351,-154.90722697455968
-1137.883842594545,-58.835853332488526
-1254.6659028570866,-572.9273655220672
-350.47087062764905,-130.87956934740137
-1531.2711766127054,-966.8251033157451
-896.8781886887743,145.14282792442322
-474.36049992548,-215.65221745600005
-664.641712444215,-312.0958552008135
-720.4456714072328,50.35319880897472
-123.98777095700726,-245.11855446478958
-465.1112344319785,-420.320288786998
-446.5307530298404,-490.6131978160472
-1360.1495180041848,-790.6655178702289
-1485.909989313696,-73.34159672290025
-532.2963577818952,-215.0671470886008
-644.5330598786248,528.1756517942902
-536.9537629883503,175.38701673823797
-1849.8369518767504,-361.54256340357244
-1385.1570253474051,-261.94625477303725
-1045.641690127222,-162.89410688176477
-861.0453179610793,-28.948126166614912
-853.3905931437503,-535.6006834015723
-328.0692393243071,-364.6829817228893
-1503.043973854673,-594.2997999230275
-971.6942442762586,34.38668984766608
-1599.2735640095686,-433.52614509707945
-1833.876186794281,-521.1500552542072
-1020.9746248568487,137.33262227168206
-894.3922309714753,-201.61572684777997
-1500.3558443068496,-583.5293390244469
-1678.2748750778035,-550.0221693144697
-1070.5734479657954,-578.7334018509127
-1214.040683087083,-617.4741947022069
-416.18225088620466,-241.07123600220865
-318.6847398801423,113.0724505793893
-1278.6849991989036,-526.1918766459811
-1097.6693374079646,-564.5890934768813
-1537.2588147719318,-718.0165602776801
-771.589188475225,-524.9215222316791
-1076.6134728782647,-375.48370995894766
-1487.799384408796,-770.2728948194024
-1412.5619582572788,-656.4170017082195
-262.53488924439864,-151.89313308081165
-1076.2147568498167,-615.8597778198067
-176.59433706925654,-84.4400918815166
-743.2965633080873,-234.11945935839174
-161.84135140863754,-298.49488010574123
-1272.8582148290175,-259.94272597657795
-441.9823060814014,-78.28797040331744
-1021.6144154393281,-507.2689841317006
-216.8057016643968,-45.035951952331025
-1268.778563575981,-916.1838587850326
-1248.0769264434596,-333.30856794681745
-631.9225135804488,-747.2204075315583
-1012.9763894673179,-376.200356132967
-303.20660759122137,-237.30174602431907
-579.5303284167176,202.4003421683604
-864.3875909225392,-562.216539336586
-903.1563162076718,-479.1772919706746
-932.0519458391707,-464.0024667659935
-688.2515979640375,-680.4249791381435
-1155.666818753985,-543.1318540566768
-302.8035280471147,-152.78379071059464
-1167.4583769872347,-712.0197000007095
-1077.982156514253,193.19703556523177
-606.6284997747534,-176.51991423481186
-779.1947059410111,198.9719328821171
-894.1278940895578,-221.24928478410072
-1109.2307815317554,344.0833061419164
-1169.520652444148,-455.80958848769694
-1205.9644763740528,-227.87510623397827
-802.9327379267451,-171.93353513326906
-1066.5138102530939,-10.209188268209559
-1367.6080736434292,303.87906172357856
-1080.5028475574575,-242.66297596830793
-1216.849310215906,-59.256703791527215
-1054.764642668197,68.94863376795287
-834.7199142368105,-596.732585162453
-749.065369406145,163.70779844150303
-1225.3373070655284,339.72517231727016
-1106.2627801809465,16.96518901299926
-1025.2071056995196,-154.82543108669336
-508.4915479934116,-4.026624739916436
-562.8567351684271,256.2756711191462
-827.4412321668532,-64.61224366300772
-1456.020474431469,441.8235861092145
-907.8338291118207,388.56988603458217
-1359.2522199480582,636.1107125948473
-101.6832427308176,-666.2829254612355
-1432.2197826774932,498.4718235700175
-633.7476381958514,-646.8843782361319
-1332.4659233251377,-55.56588910859831
-1187.7126178541032,401.23646789654003
-963.7899607535257,-127.33973664581445
-1380.1762530849658,463.73467456888716
-1376.0723860411647,680.1733666546049
-1138.0644071505274,546.7392209749535
-1564.1898917169199,517.2434740970295
-221.69895720312692,8.878852094515448
-1518.9513284100112,309.2166394262781
-879.6954476934062,300.9138031394824
-1299.3823794271827,440.4531574768688
-862.8190973112154,-218.15904244554864
-1141.021823521008,527.4818486985542
-1231.8621119537477,538.5014309660197
-1382.3533186176505,40.74497900771907
-422.79504469483373,-46.27648930736956
-1287.0301141007503,212.2416102818445
-565.8369431176084,-90.53277604371019
-678.7620275126692,410.0800350498168
-790.9022489277061,71.61171538454151
-678.4095340918145,434.3662289404582
-498.762197808752,96.95065805277315
-1145.229571385084,106.79106262479606
-809.2574748718348,3.101942890744006
-490.99130394836396,344.319397949911
-1012.3155953242224,-676.4133146013014
-1343.3773950702298,321.59028742174337
-1139.932373870775,-345.48095747150296
-985.3805483812808,-252.37775517866407
-246.60387055262512,-354.16198688786295
-1016.447056314588,-293.39871574490587
-787.5624718409516,124.26666799718026
-494.21715407030206,-263.83155653426786
-1160.411777165546,-350.92556812657983
-1088.4723649171274,-353.32874848375536
-1866.7956019246808,413.4524776132563
-1737.4617039483903,506.57677123770134
-1621.937832207461,129.41993613771382
-1345.5854100727843,186.04286627484908
-1441.215657027887,-170.20335171406327
-1466.6698585571987,217.85945219757815
-1465.4191682916485,172.0978780689347
-623.8317914396991,452.7341447253724
-362.56250884006204,218.17540769041506
-1124.3732779338527,131.64626405805495
-1076.8923321651898,-274.86690659812615
-1001.5652287172541,314.5571177183812
-805.0135299233846,42.16640849924439
-1090.964226649362,95.78926367744967
-1290.3286785538148,-187.27642552563555
-1512.1237320125083,2.6434671145682387
-1198.665328599714,-124.97901212079316
-499.75031963238166,-182.25604633363395
-931.7688198554832,140.77831641107815
-125.10848861583943,-307.3933245549605
-1126.7851227683811,123.12934247306164
-1248.486047540555,54.38264596719313
-154.30446434363895,-179.39405167304838
-302.06507490488093,-253.8144453379234
-1336.284667387022,552.169769741966
-439.1897867953947,-115.74279911438641
-1210.9479708194817,-129.50911634837962
-796.5690549809617,-206.6868876816674
-695.6693881850783,-159.57502084275947
-1293.1825596034744,660.0880446671564
-662.3163850075815,-92.89925389568836
-573.1094117071748,-305.27101309848337
-808.9972825860983,-280.7044071029457
-835.8265397437242,-338.9150554013583
-202.8838717820379,-517.6519766547163
-1493.3770855508665,-262.3997949273348
-1078.209907187972,112.85169517609552
-296.37471188175425,-354.02529856433324
-527.3862575184511,636.199187966287
-33.46755161910177,-54.10889310986292
-308.9648751684086,373.1984467119457
23.326620970515343,176.5181896950503
-940.3977301779465,806.2131590561643
-320.06670549757456,260.5805795308007
-222.34110452220926,5.709947421877077
-435.04066383469655,496.22136209851254
-591.4515549131291,461.53732189976097
-43.095325596396336,333.67643633966736
-722.9064108957307,526.9308539288838
-375.2518480452109,580.8735879882514
-501.95798076765664,521.3658473410285
-66.67737423554209,-104.54860486928992
-147.86586033524833,-221.76758804937225
-349.66778971473786,198.16919607418043
-607.4504138822713,335.2486879400916
39.37979396867583,-416.4166489575173
-797.6549338934451,596.6883441644995
-709.5525103037893,492.0882560965806
-880.0594354276225,802.6463227915256
-135.2374791908362,174.47830495714993
-870.4927360930228,679.2739649060211
-653.7564223025422,636.5083202835843
-283.6252012086291,360.8624428444517
-543.4267668471114,903.3916781199007
-148.49236622601643,153.16168172374586
-576.9450873792206,799.2992804555565
-219.79836197556912,536.9058071495338
-488.6254529341711,724.9655568555128
-309.5468008478986,483.7001177294307
-235.85132649094214,444.5148377431642
-450.35158906218055,601.0102781792432
-578.8965988200556,696.6032876492941
-970.4942370320719,323.8037288747927
-685.5219432833218,618.7279879664359
-401.7829547465659,335.691696403115
65.46320957150515,-322.8700312857379
-1098.2050970114383,744.2752729435517
-885.0544114887227,719.3096943732135
-171.87730603569614,284.0232058848652
-390.24053654417037,556.7778151836434
-270.7274681589304,343.78368464281215
73.02363601752013,132.4939368656097
-937.1963361164037,676.7514373665513
-481.6165118135813,422.1833654166396
-1177.0180192713792,691.439411653447
-876.7096173199976,338.0285370754958
-424.4469314466807,241.98830815864636
-81.20633019630031,306.68178014045765
-758.6228031128612,86.15387413770044
-465.61237622768493,-83.1581411803499
-657.8757747271516,643.4099626825309
-118.27564595630164,-321.3212561364835
47.395486767765235,171.91360885830608
-1014.6766835690772,484.19009507080176
-605.527748794308,706.0895444961739
36.03619549600049,-369.57067927644283
-698.8259527824607,481.13891121052876
-392.1328318659612,296.43165404534915
-307.98838493929514,-44.28089124525258
-347.81228290262214,311.1255739187905
-958.2669856119949,811.899545590181
-53.80308575333028,-591.5346616540705
-395.0194788827995,239.55757113503628
-316.092085880957,452.2859196951017
-815.6695096537053,604.6569247885343
33.64183913629206,-59.034179691612536
-143.68489952626365,343.6907840617352
-856.9509476730972,480.5390423265175
164.82421082988836,-507.7631075857034
-591.5232994648208,266.8493017864014
-102.55368706707975,406.4928108048226
-579.0215088573444,501.26679819760835
-424.6565503964094,354.3841524898743
-895.2154718520994,771.8175299763965
-642.7909673601924,491.1513615344211
-759.3975484477635,729.9638686190141
-64.40127451159681,-127.77869848159436
-397.790857098171,545.2951443472692
-266.0339086698606,402.1805084755796
-491.39593731550605,356.23519153695645
-293.00438396226843,595.4767593401859
-196.3033690097593,393.87048636312716
-189.29493188506973,-54.34620831412333
-260.3567932331116,535.7263817829598
-327.507880104281,114.67157226577926
-593.1883388459593,538.6360580381992
-637.271833784719,530.8791397483212
-17.37658472764734,209.63140388290498
-223.28065534428924,285.7292708164333
-424.55747304151646,422.07956581406546
-412.62841073265406,414.38143257570556
-274.9366611449191,399.2541465424485
-1040.3789855565994,752.2209674181739
98.01874911588969,-463.2229574551274
-143.64399814520513,357.1836252164515
-189.61387031481098,454.22307081321065
-531.1458423959842,692.8214945711434
-651.8361865034843,452.95881401739825
-339.28077900180716,-643.8116165094656
-632.2659799814782,-1021.3121858380601
-550.1728855758652,-725.2228839145887
-377.05505776674534,-279.1540330244623
-483.81686268979763,-263.2547476705813
-538.0192248113299,-758.482175911058
-503.332189721766,-431.04327393843533
-563.2696195173779,-528.9013943897338
-586.9258321762888,-885.8548543675727
-168.23758769668305,-821.3211107354181
-299.31186408782446,-395.5698895652086
-807.9346872750057,-847.5139939136012
-367.5939874336963,-56.15878424166809
-752.9472704945587,80.65867699368191
-351.8443621642956,-794.1685084169371
-567.7039387224565,-688.3827066177021
-1232.4247035241344,-820.988662901905
15.243521721123559,-370.2988869691354
-865.1706762201269,-861.3322233602669
-952.9397132410072,-525.9695017064265
-584.1619762060284,-841.271737470404
-155.1820510710993,-633.5390152227856
-751.0206523272875,-46.314095194615064
-1045.75248976601,-606.2556759732997
-599.209233112966,-823.2569862078026
-696.1540393258708,-722.1759787249853
-1154.6417612979737,-534.144976658167
-275.9078767764676,-595.0753964387608
-747.2720783033667,-359.0630106842931
-641.5841784956781,-754.6103356662385
-954.2051904158726,-657.3738196862511
-692.5568763315899,-621.1966510185375
-96.60520833291629,-125.56660606131332
-620.4794945925435,-532.4266997117464
-715.75864284186,-606.1270577209029
-386.16239742874626,-520.7908976329396
-810.7094175308429,-167.47937749932726
-953.5154710017049,-309.4319968884804
-642.8125850210506,-728.7485028194833
-391.8013829466902,-831.1449155428843
-942.1242039922696,-467.36314984156695
-995.9734425091076,-51.38591944863717
-386.28169599387985,-278.20031803002695
-885.770430109665,-396.6754676313439
-542.798912767647,-741.0686336486458
-811.7531307198597,-933.7526592023075
-620.6349181481891,-696.6285000595943
-458.7596803574313,-813.5347813145924
-600.5221189953696,-476.0600929659993
-832.5745410740294,-732.5950217786176
-608.2674636824278,-180.81419361166076
-536.9019352208095,205.08985131151377
-404.58958397024156,-388.63519506472375
-467.0796134356556,-1061.8137467280394
-197.15827876724546,-257.0198078512023
-424.75469410421266,-960.3274786016282
-176.10759309193074,-366.76091625049594
-152.60861623381783,-171.27217838275408
-544.020737749243,-1097.2864498644394
-373.6630317315202,-360.0317540424633
-568.2338578493485,-218.42118618488448
-205.66178719998376,-377.0982262704609
-742.5451040905458,-411.7934208309849
-1553.0422335451653,66.59991430914621
-758.62210839137,-81.7331904439989
-683.1799862287569,-521.781115202963
-776.7620798659785,-740.5562828291052
-874.4298471927478,-584.9449951665889
-887.9333153917212,-527.7825548603653
-413.55128491978064,-515.7344446401154
-704.2226792177406,-834.4595814709188
-593.1220221041489,-387.66505339196084
-400.5914298818179,-267.60620702040035
-462.99052295407364,-1001.0943825808359
-795.1427279668857,-512.3798342183248
-1009.5733750566473,-659.1248578329734
-242.35376826667695,-341.0733088493514
-889.7748348633095,-676.3853790297047
-131.28578646422673,-295.9379009243583
-735.8721514429025,-1008.7776414214362
-881.4971235287862,-602.8806261870428
-841.7478806816481,-587.8065773354383
-840.8170210992579,-570.1788858846259
-244.2741491223805,-532.8389669892131
-366.61541068586706,-932.9749424383426
-1041.1842396967968,36.15735070835968
-643.9757863539857,-268.95697661685017
-317.13802436249557,-494.46499498000003
-422.58029702041705,-461.7474031926611
-550.0387902520516,-153.49214056664647
-334.6608149582431,-767.371720196848
-572.2201179909509,-269.9174233680439
-1127.8319936955766,-821.7505522904086
-334.5517939202707,-869.0511237108494
-326.3270123327422,-220.34086766322093
-182.87926686722375,-454.06787389867077
-1123.4780049323808,-752.3577370842625
-437.1609105107792,-608.8287567153071
-600.6573593983252,-577.5239289456889
-840.0815250873469,-540.767927375016
-286.8811504577121,445.4809844222564
8.819340051985904,-124.39144729529
-133.10793639818306,22.027788233539912
-122.8943845431939,-86.10189713781912
-92.73308889503738,-201.79721165237552
-429.90551466781574,551.8833042526326
-444.9128921225195,-95.28183390920857
-492.73120831888156,549.5234268670775
-194.40028676828464,358.77379013640393
-1156.176167834382,-357.32204535401536
-567.5641916562749,650.4855863801696
-638.8867389888103,369.53095091990843
-639.1248486491228,722.1334239564347
-37.75647179113994,101.7926717864616
-46.2741247422579,59.9068149947811
-592.082370447665,469.70806218500235
-323.61220599646197,466.7840843505589
-688.6368883548239,534.6137589834032
-427.6557153458371,562.1037365930828
-656.6753812653421,596.0849015173216
-168.62338337819972,164.95130892602043
-367.7168673002232,662.7018871960084
-440.5289454213942,2.2493051198359417
-204.08675971460207,389.40992719844155
-232.1192052188969,301.8056264211348
-277.71339021845927,273.83184050585857
-432.5268281955043,341.96683736881903
-194.73231507497877,268.5011022271054
-260.1173310489933,414.3040557004907
-390.39647050792337,372.29106532219896
-218.64974916756285,245.07832771835905
-221.3088062231495,237.10819547736767
-160.19930790678552,147.65974469686438
-397.5012059751546,143.70409382583568
-672.182909352442,367.0854976859655
-702.0249213283046,534.444550252835
-510.29394214341835,550.3209224331267
-674.5267321835654,-267.4945199480479
-420.4696655228099,532.5927186343981
-447.91574768704083,602.2577845275428
-243.504163187303,321.6713087502226
-552.6953118618992,473.4980861167799
-654.7284191928745,571.6822656688485
-353.44743752846654,275.3050489752861
-398.31050339338236,323.41086311703003
-511.5041888945159,294.4085720944319
-330.06498665457303,188.1818571790137
-586.6072289529159,174.0350326780291
-278.6546228013289,244.3390177054232
-316.19001836801783,313.7028221213241
-324.2622884622867,248.28678724152672
-514.3564207503871,620.2380823958415
-480.22047313897855,17.527567167137516
-315.6199361834212,299.56732625238834
-308.3238412138837,6.588413367181486
-235.38180112283158,-248.08703525102243
-777.8008893863761,541.6235588981267
-453.81677880240267,306.3152164434616
-240.8452904055562,-179.0619035014097
-708.1671828581347,575.5560533359698
-336.5787789283651,264.58696216534537
-524.6397809050856,427.0979109874132
-158.72301520848384,-336.4448098182846
-489.0543655620031,80.70651148333643
-88.00663650817343,-39.5720737097293
17.76682315830383,17.21364411719925
-404.404058172123,-70.24152206014487
-436.09972833016303,283.6399689001534
-1155.7466764916105,693.1092033028841
-390.9812599488161,-162.27116665061624
46.322561652248105,-529.5948794929436
-766.9228622985186,558.7127083814656
-1015.0479060002389,254.11081644474677
-473.0930847688202,365.5493398935138
-718.6629155766647,510.8935487167736
-904.8790935614815,617.3119686421626
83.41431603634422,139.1206786108544
-818.5041969155523,493.7884819803281
-1206.0019860119883,806.939889747443
-643.5596489968193,507.2939887895737
-994.6877692519171,606.6140203151506
-653.321536280257,407.9364959716505
-719.7314376466542,97.74377006213469
-1013.4724539813997,658.8346288562867
-622.2851735233193,411.85875535799613
-606.6903558683018,698.9911210982996
-422.3043824830471,578.0130322852906
-80.29458687200892,-77.67038129738786
-909.8995799303839,601.9166580073315
-380.58460792730875,206.79402421345947
18.298799112159525,-167.92223793879145
-913.3784644639376,655.129589038089
-45.87607427399512,-27.3611442501927
-1867.0564480232497,-46.939624129488436
-922.1592018589164,512.656134479046
-1349.389706512003,762.6408875378023
-531.4944172602623,388.990944810271
-784.4967976492096,714.425707143196
-603.8494943880797,-162.40418430439925
-119.73160677081158,49.29225822734245
